startTime_ns,endTime_ns,written,confidence
8711082810454,8711802810454, Can,0.251953125
8711802810454,8711922810454, you,0.98876953125
8711922810454,8712162810454, grab,0.91015625
8712162810454,8712522810454, that,0.9228515625
8712522810454,8712862810454, brick,0.85546875
